image,label
0,77
1,77
2,77
3,77
4,77
5,77
6,77
7,77
8,77
9,77
10,77
11,77
12,77
13,77
14,77
15,77
16,77
17,77
18,77
19,77
20,77
21,77
22,77
23,77
24,77
25,77
26,77
27,77
28,77
29,77
30,77
31,77
32,77
33,77
34,77
35,77
36,77
37,77
38,77
39,77
40,77
41,77
42,77
43,77
44,77
45,77
46,77
47,77
48,77
49,77
50,77
51,77
52,77
53,77
54,77
55,77
56,77
57,77
58,77
59,77
60,77
61,77
62,77
63,77
64,77
65,77
66,77
67,77
68,77
69,77
70,77
71,77
72,77
73,77
74,77
75,77
76,77
77,77
78,77
79,77
80,77
81,77
82,77
83,77
84,77
85,77
86,77
87,77
88,77
89,77
90,77
91,77
92,77
93,77
94,77
95,77
96,77
97,77
98,77
99,77
100,77
101,77
102,77
103,77
104,77
105,77
106,77
107,77
108,77
109,77
110,77
111,77
112,77
113,77
114,77
115,77
116,77
117,77
118,77
119,77
120,77
121,77
122,77
123,77
124,77
125,77
126,77
127,77
128,77
129,77
130,77
131,77
132,77
133,77
134,77
135,77
136,77
137,77
138,77
139,77
140,77
141,77
142,77
143,77
144,77
145,77
146,77
147,77
148,77
149,77
150,77
151,77
152,77
153,77
154,77
155,77
156,77
157,77
158,77
159,77
160,77
161,77
162,77
163,77
164,77
165,77
166,77
167,77
168,77
169,77
170,77
171,77
172,77
173,77
174,77
175,77
176,77
177,77
178,77
179,77
180,77
181,77
182,77
183,77
184,77
185,77
186,77
187,77
188,77
189,77
190,77
191,77
192,77
193,77
194,77
195,77
196,77
197,77
198,77
199,77
200,77
201,77
202,77
203,77
204,77
205,77
206,77
207,77
208,77
209,77
210,77
211,77
212,77
213,77
214,77
215,77
216,77
217,77
218,77
219,77
220,77
221,77
222,77
223,77
224,77
225,77
226,77
227,77
228,77
229,77
230,77
231,77
232,77
233,77
234,77
235,77
236,77
237,77
238,77
239,77
240,77
241,77
242,77
243,77
244,77
245,77
246,77
247,77
248,77
249,77
250,77
251,73
252,73
253,73
254,73
255,73
256,73
257,73
258,73
259,73
260,73
261,73
262,73
263,73
264,73
265,73
266,73
267,73
268,73
269,73
270,73
271,73
272,73
273,73
274,73
275,73
276,73
277,73
278,73
279,73
280,73
281,73
282,73
283,73
284,73
285,73
286,73
287,73
288,73
289,73
290,73
291,73
292,73
293,73
294,73
295,73
296,73
297,73
298,73
299,73
300,73
301,73
302,73
303,73
304,73
305,73
306,73
307,73
308,73
309,73
310,73
311,73
312,73
313,73
314,73
315,73
316,73
317,73
318,73
319,73
320,73
321,73
322,73
323,73
324,73
325,73
326,73
327,73
328,73
329,73
330,73
331,73
332,73
333,73
334,73
335,73
336,73
337,73
338,73
339,73
340,73
341,73
342,73
343,73
344,73
345,73
346,73
347,73
348,73
349,73
350,73
351,73
352,73
353,73
354,73
355,73
356,73
357,73
358,73
359,73
360,73
361,73
362,73
363,73
364,73
365,73
366,73
367,73
368,73
369,73
370,73
371,73
372,73
373,73
374,73
375,73
376,73
377,73
378,73
379,73
380,73
381,73
382,73
383,73
384,73
385,73
386,73
387,73
388,73
389,73
390,73
391,73
392,73
393,73
394,73
395,73
396,73
397,73
398,73
399,73
400,73
401,73
402,73
403,73
404,73
405,73
406,73
407,73
408,73
409,73
410,73
411,73
412,73
413,73
414,73
415,73
416,73
417,73
418,73
419,73
420,73
421,73
422,73
423,73
424,73
425,73
426,73
427,73
428,73
429,73
430,73
431,73
432,73
433,73
434,73
435,73
436,73
437,73
438,73
439,73
440,73
441,73
442,73
443,73
444,73
445,88
446,88
447,88
448,88
449,88
450,88
451,88
452,88
453,88
454,88
455,88
456,88
457,88
458,88
459,88
460,88
461,88
462,88
463,88
464,88
465,88
466,88
467,88
468,88
469,88
470,88
471,88
472,88
473,88
474,88
475,88
476,88
477,88
478,88
479,88
480,88
481,88
482,88
483,88
484,88
485,88
486,88
487,88
488,88
489,88
490,88
491,88
492,88
493,88
494,88
495,88
496,88
497,88
498,88
499,88
500,88
501,88
502,88
503,88
504,88
505,88
506,88
507,88
508,88
509,88
510,88
511,88
512,88
513,88
514,88
515,88
516,88
517,88
518,88
519,88
520,88
521,88
522,88
523,88
524,88
525,88
526,88
527,88
528,88
529,88
530,88
531,88
532,88
533,88
534,88
535,88
536,88
537,88
538,88
539,88
540,88
541,88
542,88
543,88
544,88
545,88
546,88
547,88
548,88
549,88
550,88
551,88
552,88
553,88
554,88
555,88
556,88
557,88
558,88
559,88
560,88
561,88
562,88
563,88
564,88
565,88
566,88
567,88
568,88
569,88
570,88
571,88
572,88
573,88
574,88
575,88
576,88
577,88
578,88
579,88
580,88
581,88
582,88
583,88
584,88
585,88
586,88
587,88
588,88
589,88
590,88
591,88
592,88
593,88
594,88
595,88
596,88
597,89
598,89
599,89
600,89
601,89
602,89
603,89
604,89
605,89
606,89
607,89
608,89
609,89
610,89
611,89
612,89
613,89
614,89
615,89
616,89
617,89
618,89
619,89
620,89
621,89
622,89
623,89
624,89
625,89
626,89
627,89
628,89
629,89
630,89
631,89
632,89
633,89
634,89
635,89
636,89
637,89
638,89
639,89
640,89
641,89
642,89
643,89
644,89
645,89
646,89
647,89
648,89
649,89
650,89
651,89
652,89
653,89
654,89
655,89
656,89
657,89
658,89
659,89
660,89
661,89
662,89
663,89
664,89
665,89
666,89
667,89
668,89
669,89
670,89
671,89
672,89
673,89
674,89
675,89
676,89
677,89
678,89
679,89
680,89
681,89
682,89
683,89
684,89
685,89
686,89
687,89
688,89
689,89
690,89
691,89
692,89
693,89
694,89
695,89
696,89
697,89
698,89
699,89
700,89
701,89
702,89
703,89
704,89
705,89
706,89
707,89
708,89
709,89
710,89
711,89
712,89
713,89
714,89
715,89
716,89
717,89
718,89
719,89
720,89
721,89
722,89
723,89
724,89
725,89
726,89
727,89
728,89
729,89
730,89
731,89
732,89
733,89
734,89
735,89
736,89
737,89
738,89
739,89
740,89
741,89
742,89
743,89
744,89
745,89
746,89
747,89
748,89
749,89
750,89
751,89
752,89
753,89
754,89
755,89
756,89
757,89
758,89
759,89
760,89
761,89
762,89
763,89
764,89
765,89
766,89
767,89
768,89
769,89
770,89
771,89
772,89
773,89
774,89
775,89
776,89
777,89
778,89
779,89
780,81
781,81
782,81
783,81
784,81
785,81
786,81
787,81
788,81
789,81
790,81
791,81
792,81
793,81
794,81
795,81
796,81
797,81
798,81
799,81
800,81
801,81
802,81
803,81
804,81
805,81
806,81
807,81
808,81
809,81
810,81
811,81
812,81
813,81
814,81
815,81
816,81
817,81
818,81
819,81
820,81
821,81
822,81
823,81
824,81
825,81
826,81
827,81
828,81
829,81
830,81
831,81
832,81
833,81
834,81
835,81
836,81
837,81
838,81
839,81
840,81
841,81
842,81
843,81
844,81
845,81
846,81
847,81
848,81
849,81
850,81
851,81
852,81
853,81
854,81
855,81
856,81
857,81
858,81
859,81
860,81
861,81
862,81
863,81
864,81
865,81
866,81
867,81
868,81
869,81
870,81
871,81
872,81
873,81
874,81
875,81
876,81
877,81
878,81
879,81
880,81
881,81
882,81
883,81
884,81
885,81
886,81
887,81
888,81
889,81
890,81
891,81
892,81
893,81
894,81
895,81
896,81
897,81
898,81
899,81
900,81
901,81
902,81
903,81
904,81
905,81
906,81
907,81
908,81
909,81
910,81
911,81
912,81
913,81
914,81
915,81
916,81
917,81
918,81
919,81
920,81
921,81
922,81
923,81
924,81
925,81
926,81
927,81
928,81
929,81
930,81
931,81
932,81
933,81
934,81
935,81
936,81
937,81
938,81
939,81
940,81
941,81
942,81
943,81
944,81
945,81
946,46
947,46
948,46
949,46
950,46
951,46
952,46
953,46
954,46
955,46
956,46
957,46
958,46
959,46
960,46
961,46
962,46
963,46
964,46
965,46
966,46
967,46
968,46
969,46
970,46
971,46
972,46
973,46
974,46
975,46
976,46
977,46
978,46
979,46
980,46
981,46
982,46
983,46
984,46
985,46
986,46
987,46
988,46
989,46
990,46
991,46
992,46
993,46
994,46
995,46
996,46
997,46
998,46
999,46
1000,46
1001,46
1002,46
1003,46
1004,46
1005,46
1006,46
1007,46
1008,46
1009,46
1010,46
1011,46
1012,46
1013,46
1014,46
1015,46
1016,46
1017,46
1018,46
1019,46
1020,46
1021,46
1022,46
1023,46
1024,46
1025,46
1026,46
1027,46
1028,46
1029,46
1030,46
1031,46
1032,46
1033,46
1034,46
1035,46
1036,46
1037,46
1038,46
1039,46
1040,46
1041,46
1042,46
1043,46
1044,46
1045,46
1046,46
1047,46
1048,46
1049,46
1050,46
1051,46
1052,46
1053,46
1054,46
1055,46
1056,46
1057,46
1058,46
1059,46
1060,46
1061,46
1062,46
1063,46
1064,46
1065,46
1066,46
1067,46
1068,46
1069,46
1070,46
1071,46
1072,46
1073,46
1074,46
1075,46
1076,46
1077,46
1078,46
1079,46
1080,46
1081,46
1082,46
1083,46
1084,46
1085,46
1086,46
1087,46
1088,46
1089,46
1090,46
1091,46
1092,46
1093,46
1094,46
1095,46
1096,46
1097,46
1098,46
1099,46
1100,46
1101,46
1102,46
1103,46
1104,46
1105,46
1106,46
1107,46
1108,46
1109,46
1110,46
1111,46
1112,46
1113,46
1114,46
1115,46
1116,46
1117,46
1118,46
1119,46
1120,46
1121,46
1122,46
1123,46
1124,46
1125,46
1126,46
1127,46
1128,46
1129,46
1130,46
1131,46
1132,46
1133,46
1134,46
1135,46
1136,46
1137,46
1138,46
1139,46
1140,46
1141,46
1142,74
1143,74
1144,74
1145,74
1146,74
1147,74
1148,74
1149,74
1150,74
1151,74
1152,74
1153,74
1154,74
1155,74
1156,74
1157,74
1158,74
1159,74
1160,74
1161,74
1162,74
1163,74
1164,74
1165,74
1166,74
1167,74
1168,74
1169,74
1170,74
1171,74
1172,74
1173,74
1174,74
1175,74
1176,74
1177,74
1178,74
1179,74
1180,74
1181,74
1182,74
1183,74
1184,74
1185,74
1186,74
1187,74
1188,74
1189,74
1190,74
1191,74
1192,74
1193,74
1194,74
1195,74
1196,74
1197,74
1198,74
1199,74
1200,74
1201,74
1202,74
1203,74
1204,74
1205,74
1206,74
1207,74
1208,74
1209,74
1210,74
1211,74
1212,74
1213,74
1214,74
1215,74
1216,74
1217,74
1218,74
1219,74
1220,74
1221,74
1222,74
1223,74
1224,74
1225,74
1226,74
1227,74
1228,74
1229,74
1230,74
1231,74
1232,74
1233,74
1234,74
1235,74
1236,74
1237,74
1238,74
1239,74
1240,74
1241,74
1242,74
1243,74
1244,74
1245,74
1246,74
1247,74
1248,74
1249,74
1250,74
1251,74
1252,74
1253,74
1254,74
1255,74
1256,74
1257,74
1258,74
1259,74
1260,74
1261,74
1262,74
1263,74
1264,74
1265,74
1266,74
1267,74
1268,74
1269,74
1270,74
1271,74
1272,74
1273,74
1274,74
1275,74
1276,74
1277,74
1278,74
1279,74
1280,74
1281,74
1282,74
1283,74
1284,74
1285,74
1286,74
1287,74
1288,74
1289,74
1290,74
1291,74
1292,74
1293,74
1294,74
1295,74
1296,74
1297,74
1298,74
1299,74
1300,74
1301,74
1302,74
1303,74
1304,74
1305,74
1306,74
1307,74
1308,74
1309,74
1310,74
1311,74
1312,74
1313,51
1314,51
1315,51
1316,51
1317,51
1318,51
1319,51
1320,51
1321,51
1322,51
1323,51
1324,51
1325,51
1326,51
1327,51
1328,51
1329,51
1330,51
1331,51
1332,51
1333,51
1334,51
1335,51
1336,51
1337,51
1338,51
1339,51
1340,51
1341,51
1342,51
1343,51
1344,51
1345,51
1346,51
1347,51
1348,51
1349,51
1350,51
1351,51
1352,51
1353,51
1354,51
1355,51
1356,51
1357,51
1358,51
1359,51
1360,51
1361,51
1362,51
1363,51
1364,51
1365,51
1366,51
1367,51
1368,51
1369,51
1370,51
1371,51
1372,51
1373,51
1374,51
1375,51
1376,51
1377,51
1378,51
1379,51
1380,51
1381,51
1382,51
1383,51
1384,51
1385,51
1386,51
1387,51
1388,51
1389,51
1390,51
1391,51
1392,51
1393,51
1394,51
1395,51
1396,51
1397,51
1398,51
1399,51
1400,51
1401,51
1402,51
1403,51
1404,51
1405,51
1406,51
1407,51
1408,51
1409,51
1410,51
1411,51
1412,51
1413,51
1414,51
1415,51
1416,51
1417,51
1418,51
1419,51
1420,51
1421,51
1422,51
1423,51
1424,51
1425,51
1426,51
1427,51
1428,51
1429,51
1430,51
1431,51
1432,51
1433,51
1434,51
1435,51
1436,51
1437,51
1438,51
1439,51
1440,51
1441,51
1442,51
1443,51
1444,51
1445,51
1446,51
1447,51
1448,51
1449,51
1450,51
1451,51
1452,51
1453,51
1454,51
1455,51
1456,51
1457,51
1458,51
1459,51
1460,51
1461,51
1462,51
1463,51
1464,51
1465,51
1466,51
1467,51
1468,51
1469,51
1470,51
1471,51
1472,51
1473,51
1474,51
1475,51
1476,51
1477,51
1478,51
1479,51
1480,51
1481,51
1482,51
1483,51
1484,51
1485,51
1486,51
1487,51
1488,51
1489,51
1490,44
1491,44
1492,44
1493,44
1494,44
1495,44
1496,44
1497,44
1498,44
1499,44
1500,44
1501,44
1502,44
1503,44
1504,44
1505,44
1506,44
1507,44
1508,44
1509,44
1510,44
1511,44
1512,44
1513,44
1514,44
1515,44
1516,44
1517,44
1518,44
1519,44
1520,44
1521,44
1522,44
1523,44
1524,44
1525,44
1526,44
1527,44
1528,44
1529,44
1530,44
1531,44
1532,44
1533,44
1534,44
1535,44
1536,44
1537,44
1538,44
1539,44
1540,44
1541,44
1542,44
1543,44
1544,44
1545,44
1546,44
1547,44
1548,44
1549,44
1550,44
1551,44
1552,44
1553,44
1554,44
1555,44
1556,44
1557,44
1558,44
1559,44
1560,44
1561,44
1562,44
1563,44
1564,44
1565,44
1566,44
1567,44
1568,44
1569,44
1570,44
1571,44
1572,44
1573,44
1574,44
1575,44
1576,44
1577,44
1578,44
1579,44
1580,44
1581,44
1582,44
1583,82
1584,82
1585,82
1586,82
1587,82
1588,82
1589,82
1590,82
1591,82
1592,82
1593,82
1594,82
1595,82
1596,82
1597,82
1598,82
1599,82
1600,82
1601,82
1602,82
1603,82
1604,82
1605,82
1606,82
1607,82
1608,82
1609,82
1610,82
1611,82
1612,82
1613,82
1614,82
1615,82
1616,82
1617,82
1618,82
1619,82
1620,82
1621,82
1622,82
1623,82
1624,82
1625,82
1626,82
1627,82
1628,82
1629,82
1630,82
1631,82
1632,82
1633,82
1634,82
1635,82
1636,82
1637,82
1638,82
1639,82
1640,82
1641,82
1642,82
1643,82
1644,82
1645,82
1646,82
1647,82
1648,82
1649,82
1650,82
1651,82
1652,82
1653,82
1654,82
1655,82
1656,82
1657,82
1658,82
1659,82
1660,82
1661,82
1662,82
1663,82
1664,82
1665,82
1666,82
1667,82
1668,82
1669,82
1670,82
1671,82
1672,82
1673,82
1674,82
1675,82
1676,82
1677,82
1678,82
1679,82
1680,82
1681,82
1682,82
1683,82
1684,82
1685,82
1686,82
1687,82
1688,82
1689,82
1690,82
1691,82
1692,82
1693,82
1694,82
1695,83
1696,83
1697,83
1698,83
1699,83
1700,83
1701,83
1702,83
1703,83
1704,83
1705,83
1706,83
1707,83
1708,83
1709,83
1710,83
1711,83
1712,83
1713,83
1714,83
1715,83
1716,83
1717,83
1718,83
1719,83
1720,83
1721,83
1722,83
1723,83
1724,83
1725,83
1726,83
1727,83
1728,83
1729,83
1730,83
1731,83
1732,83
1733,83
1734,83
1735,83
1736,83
1737,83
1738,83
1739,83
1740,83
1741,83
1742,83
1743,83
1744,83
1745,83
1746,83
1747,83
1748,83
1749,83
1750,83
1751,83
1752,83
1753,83
1754,83
1755,83
1756,83
1757,83
1758,83
1759,83
1760,83
1761,83
1762,83
1763,83
1764,83
1765,83
1766,83
1767,83
1768,83
1769,83
1770,83
1771,83
1772,83
1773,83
1774,83
1775,83
1776,83
1777,83
1778,83
1779,83
1780,83
1781,83
1782,83
1783,83
1784,83
1785,83
1786,83
1787,83
1788,83
1789,83
1790,83
1791,83
1792,83
1793,83
1794,83
1795,83
1796,83
1797,83
1798,83
1799,83
1800,83
1801,83
1802,83
1803,83
1804,83
1805,83
1806,83
1807,83
1808,83
1809,83
1810,83
1811,83
1812,83
1813,83
1814,83
1815,83
1816,83
1817,83
1818,83
1819,83
1820,83
1821,83
1822,83
1823,83
1824,83
1825,83
1826,78
1827,78
1828,78
1829,78
1830,78
1831,78
1832,78
1833,78
1834,78
1835,78
1836,78
1837,78
1838,78
1839,78
1840,78
1841,78
1842,78
1843,78
1844,78
1845,78
1846,78
1847,78
1848,78
1849,78
1850,78
1851,78
1852,78
1853,78
1854,78
1855,78
1856,78
1857,78
1858,78
1859,78
1860,78
1861,78
1862,78
1863,78
1864,78
1865,78
1866,78
1867,78
1868,78
1869,78
1870,78
1871,78
1872,78
1873,78
1874,78
1875,78
1876,78
1877,78
1878,78
1879,78
1880,78
1881,78
1882,78
1883,78
1884,78
1885,78
1886,78
1887,78
1888,78
1889,78
1890,78
1891,78
1892,78
1893,78
1894,78
1895,78
1896,78
1897,78
1898,78
1899,78
1900,78
1901,78
1902,78
1903,78
1904,78
1905,78
1906,78
1907,78
1908,78
1909,78
1910,78
1911,78
1912,78
1913,78
1914,78
1915,78
1916,78
1917,78
1918,78
1919,78
1920,78
1921,78
1922,78
1923,78
1924,78
1925,78
1926,78
1927,78
1928,78
1929,78
1930,78
1931,78
1932,78
1933,78
1934,78
1935,78
1936,78
1937,78
1938,78
1939,78
1940,78
1941,78
1942,78
1943,78
1944,78
1945,78
1946,78
1947,78
1948,78
1949,78
1950,78
1951,78
1952,78
1953,78
1954,78
1955,78
1956,78
1957,78
1958,78
1959,78
1960,78
1961,78
1962,78
1963,80
1964,80
1965,80
1966,80
1967,80
1968,80
1969,80
1970,80
1971,80
1972,80
1973,80
1974,80
1975,80
1976,80
1977,80
1978,80
1979,80
1980,80
1981,80
1982,80
1983,80
1984,80
1985,80
1986,80
1987,80
1988,80
1989,80
1990,80
1991,80
1992,80
1993,80
1994,80
1995,80
1996,80
1997,80
1998,80
1999,80
2000,80
2001,80
2002,80
2003,80
2004,80
2005,80
2006,80
2007,80
2008,80
2009,80
2010,80
2011,80
2012,80
2013,80
2014,80
2015,80
2016,80
2017,80
2018,80
2019,80
2020,80
2021,80
2022,80
2023,80
2024,80
2025,80
2026,80
2027,80
2028,80
2029,80
2030,80
2031,80
2032,80
2033,80
2034,80
2035,80
2036,80
2037,80
2038,80
2039,80
2040,80
2041,80
2042,80
2043,80
2044,80
2045,80
2046,80
2047,80
2048,80
2049,80
2050,80
2051,80
2052,80
2053,80
2054,80
2055,80
2056,80
2057,80
2058,80
2059,80
2060,80
2061,80
2062,80
2063,80
2064,80
2065,80
2066,80
2067,80
2068,75
2069,75
2070,75
2071,75
2072,75
2073,75
2074,75
2075,75
2076,75
2077,75
2078,75
2079,75
2080,75
2081,75
2082,75
2083,75
2084,75
2085,75
2086,75
2087,75
2088,75
2089,75
2090,75
2091,75
2092,75
2093,75
2094,75
2095,75
2096,75
2097,75
2098,75
2099,75
2100,75
2101,75
2102,75
2103,75
2104,75
2105,75
2106,75
2107,75
2108,75
2109,75
2110,75
2111,75
2112,75
2113,75
2114,75
2115,75
2116,75
2117,75
2118,75
2119,75
2120,75
2121,75
2122,75
2123,75
2124,75
2125,75
2126,75
2127,75
2128,75
2129,75
2130,75
2131,75
2132,75
2133,75
2134,75
2135,75
2136,75
2137,75
2138,75
2139,75
2140,75
2141,75
2142,75
2143,75
2144,75
2145,75
2146,75
2147,75
2148,75
2149,75
2150,75
2151,75
2152,75
2153,75
2154,75
2155,75
2156,75
2157,75
2158,75
2159,75
2160,75
2161,75
2162,75
2163,75
2164,75
2165,75
2166,75
2167,75
2168,75
2169,75
2170,75
2171,75
2172,75
2173,75
2174,75
2175,75
2176,75
2177,75
2178,75
2179,75
2180,75
2181,75
2182,75
2183,75
2184,75
2185,75
2186,75
2187,75
2188,41
2189,41
2190,41
2191,41
2192,41
2193,41
2194,41
2195,41
2196,41
2197,41
2198,41
2199,41
2200,41
2201,41
2202,41
2203,41
2204,41
2205,41
2206,41
2207,41
2208,41
2209,41
2210,41
2211,41
2212,41
2213,41
2214,41
2215,41
2216,41
2217,41
2218,41
2219,41
2220,41
2221,41
2222,41
2223,41
2224,41
2225,41
2226,41
2227,41
2228,41
2229,41
2230,41
2231,41
2232,41
2233,41
2234,41
2235,41
2236,41
2237,41
2238,41
2239,41
2240,41
2241,41
2242,41
2243,41
2244,41
2245,41
2246,41
2247,41
2248,41
2249,41
2250,41
2251,41
2252,41
2253,41
2254,41
2255,41
2256,41
2257,41
2258,41
2259,41
2260,41
2261,41
2262,41
2263,41
2264,41
2265,41
2266,41
2267,41
2268,41
2269,41
2270,41
2271,41
2272,41
2273,41
2274,41
2275,41
2276,41
2277,41
2278,41
2279,41
2280,41
2281,41
2282,41
2283,41
2284,41
2285,41
2286,41
2287,41
2288,41
2289,41
2290,41
2291,41
2292,41
2293,41
2294,41
2295,41
2296,41
2297,41
2298,41
2299,41
2300,41
2301,41
2302,41
2303,41
2304,41
2305,41
2306,41
2307,41
2308,41
2309,41
2310,41
2311,41
2312,41
2313,41
2314,41
2315,43
2316,43
2317,43
2318,43
2319,43
2320,43
2321,43
2322,43
2323,43
2324,43
2325,43
2326,43
2327,43
2328,43
2329,43
2330,43
2331,43
2332,43
2333,43
2334,43
2335,43
2336,43
2337,43
2338,43
2339,43
2340,43
2341,43
2342,43
2343,43
2344,43
2345,43
2346,43
2347,43
2348,43
2349,43
2350,43
2351,43
2352,43
2353,43
2354,43
2355,43
2356,43
2357,43
2358,43
2359,43
2360,43
2361,43
2362,43
2363,43
2364,43
2365,43
2366,43
2367,43
2368,43
2369,43
2370,43
2371,43
2372,43
2373,43
2374,43
2375,43
2376,43
2377,43
2378,43
2379,43
2380,43
2381,43
2382,43
2383,43
2384,43
2385,43
2386,43
2387,43
2388,43
2389,43
2390,43
2391,43
2392,43
2393,43
2394,43
2395,43
2396,43
2397,43
2398,43
2399,43
2400,43
2401,43
2402,43
2403,43
2404,43
2405,43
2406,43
2407,43
2408,43
2409,43
2410,43
2411,43
2412,43
2413,43
2414,43
2415,43
2416,43
2417,43
2418,43
2419,43
2420,43
2421,43
2422,43
2423,43
2424,43
2425,43
2426,43
2427,43
2428,43
2429,43
2430,43
2431,43
2432,43
2433,43
2434,43
2435,43
2436,43
2437,43
2438,43
2439,43
2440,43
2441,43
2442,43
2443,43
2444,43
2445,76
2446,76
2447,76
2448,76
2449,76
2450,76
2451,76
2452,76
2453,76
2454,76
2455,76
2456,76
2457,76
2458,76
2459,76
2460,76
2461,76
2462,76
2463,76
2464,76
2465,76
2466,76
2467,76
2468,76
2469,76
2470,76
2471,76
2472,76
2473,76
2474,76
2475,76
2476,76
2477,76
2478,76
2479,76
2480,76
2481,76
2482,76
2483,76
2484,76
2485,76
2486,76
2487,76
2488,76
2489,76
2490,76
2491,76
2492,76
2493,76
2494,76
2495,76
2496,76
2497,76
2498,76
2499,76
2500,76
2501,76
2502,76
2503,76
2504,76
2505,76
2506,76
2507,76
2508,76
2509,76
2510,76
2511,76
2512,76
2513,76
2514,76
2515,76
2516,76
2517,76
2518,76
2519,76
2520,76
2521,76
2522,76
2523,76
2524,76
2525,76
2526,76
2527,76
2528,76
2529,76
2530,76
2531,76
2532,76
2533,76
2534,76
2535,76
2536,76
2537,76
2538,76
2539,76
2540,76
2541,76
2542,76
2543,76
2544,76
2545,76
2546,76
2547,76
2548,76
2549,76
2550,76
2551,76
2552,84
2553,84
2554,84
2555,84
2556,84
2557,84
2558,84
2559,84
2560,84
2561,84
2562,84
2563,84
2564,84
2565,84
2566,84
2567,84
2568,84
2569,84
2570,84
2571,84
2572,84
2573,84
2574,84
2575,84
2576,84
2577,84
2578,84
2579,84
2580,84
2581,84
2582,84
2583,84
2584,84
2585,84
2586,84
2587,84
2588,84
2589,84
2590,84
2591,84
2592,84
2593,84
2594,84
2595,84
2596,84
2597,84
2598,84
2599,84
2600,84
2601,84
2602,84
2603,84
2604,84
2605,84
2606,84
2607,84
2608,84
2609,84
2610,84
2611,84
2612,84
2613,84
2614,84
2615,84
2616,84
2617,84
2618,84
2619,84
2620,84
2621,84
2622,84
2623,84
2624,84
2625,84
2626,84
2627,84
2628,84
2629,84
2630,84
2631,84
2632,84
2633,84
2634,84
2635,84
2636,84
2637,84
2638,58
2639,58
2640,58
2641,58
2642,58
2643,58
2644,58
2645,58
2646,58
2647,58
2648,58
2649,58
2650,58
2651,58
2652,58
2653,58
2654,58
2655,58
2656,58
2657,58
2658,58
2659,58
2660,58
2661,58
2662,58
2663,58
2664,58
2665,58
2666,58
2667,58
2668,58
2669,58
2670,58
2671,58
2672,58
2673,58
2674,58
2675,58
2676,58
2677,58
2678,58
2679,58
2680,58
2681,58
2682,58
2683,58
2684,58
2685,58
2686,58
2687,58
2688,58
2689,58
2690,58
2691,58
2692,58
2693,58
2694,58
2695,58
2696,58
2697,58
2698,58
2699,58
2700,58
2701,58
2702,58
2703,58
2704,58
2705,58
2706,58
2707,58
2708,58
2709,58
2710,58
2711,58
2712,58
2713,58
2714,58
2715,58
2716,58
2717,58
2718,58
2719,58
2720,58
2721,58
2722,58
2723,58
2724,58
2725,58
2726,58
2727,58
2728,58
2729,58
2730,58
2731,58
2732,58
2733,58
2734,58
2735,58
2736,58
2737,58
2738,58
2739,58
2740,58
2741,58
2742,58
2743,58
2744,58
2745,58
2746,58
2747,58
2748,58
2749,58
2750,58
2751,58
2752,56
2753,56
2754,56
2755,56
2756,56
2757,56
2758,56
2759,56
2760,56
2761,56
2762,56
2763,56
2764,56
2765,56
2766,56
2767,56
2768,56
2769,56
2770,56
2771,56
2772,56
2773,56
2774,56
2775,56
2776,56
2777,56
2778,56
2779,56
2780,56
2781,56
2782,56
2783,56
2784,56
2785,56
2786,56
2787,56
2788,56
2789,56
2790,56
2791,56
2792,56
2793,56
2794,56
2795,56
2796,56
2797,56
2798,56
2799,56
2800,56
2801,56
2802,56
2803,56
2804,56
2805,56
2806,56
2807,56
2808,56
2809,56
2810,56
2811,56
2812,56
2813,56
2814,56
2815,56
2816,56
2817,56
2818,56
2819,56
2820,56
2821,56
2822,56
2823,56
2824,56
2825,56
2826,56
2827,56
2828,56
2829,56
2830,56
2831,56
2832,56
2833,56
2834,56
2835,56
2836,56
2837,56
2838,56
2839,56
2840,56
2841,56
2842,56
2843,56
2844,56
2845,56
2846,56
2847,56
2848,56
2849,56
2850,56
2851,56
2852,56
2853,56
2854,56
2855,56
2856,56
2857,56
2858,56
2859,56
2860,56
2861,86
2862,86
2863,86
2864,86
2865,86
2866,86
2867,86
2868,86
2869,86
2870,86
2871,86
2872,86
2873,86
2874,86
2875,86
2876,86
2877,86
2878,86
2879,86
2880,86
2881,86
2882,86
2883,86
2884,86
2885,86
2886,86
2887,86
2888,86
2889,86
2890,86
2891,86
2892,86
2893,86
2894,86
2895,86
2896,86
2897,86
2898,86
2899,86
2900,86
2901,86
2902,86
2903,86
2904,86
2905,86
2906,86
2907,86
2908,86
2909,86
2910,86
2911,86
2912,86
2913,86
2914,86
2915,86
2916,86
2917,86
2918,86
2919,60
2920,60
2921,60
2922,60
2923,60
2924,60
2925,60
2926,60
2927,60
2928,60
2929,60
2930,60
2931,60
2932,60
2933,60
2934,60
2935,60
2936,60
2937,60
2938,60
2939,60
2940,60
2941,60
2942,60
2943,60
2944,60
2945,60
2946,60
2947,60
2948,60
2949,60
2950,60
2951,60
2952,60
2953,60
2954,60
2955,60
2956,60
2957,60
2958,60
2959,60
2960,60
2961,60
2962,60
2963,60
2964,60
2965,60
2966,60
2967,60
2968,60
2969,60
2970,60
2971,60
2972,60
2973,60
2974,60
2975,60
2976,60
2977,60
2978,60
2979,60
2980,60
2981,60
2982,60
2983,60
2984,60
2985,60
2986,60
2987,60
2988,60
2989,60
2990,60
2991,60
2992,60
2993,60
2994,60
2995,60
2996,60
2997,60
2998,60
2999,60
3000,60
3001,60
3002,60
3003,60
3004,60
3005,60
3006,60
3007,60
3008,60
3009,60
3010,60
3011,60
3012,60
3013,60
3014,60
3015,60
3016,60
3017,60
3018,60
3019,60
3020,60
3021,60
3022,60
3023,60
3024,60
3025,60
3026,60
3027,60
3028,92
3029,92
3030,92
3031,92
3032,92
3033,92
3034,92
3035,92
3036,92
3037,92
3038,92
3039,92
3040,92
3041,92
3042,92
3043,92
3044,92
3045,92
3046,92
3047,92
3048,92
3049,92
3050,92
3051,92
3052,92
3053,92
3054,92
3055,92
3056,92
3057,92
3058,92
3059,92
3060,92
3061,92
3062,92
3063,92
3064,92
3065,92
3066,92
3067,92
3068,92
3069,92
3070,92
3071,92
3072,92
3073,92
3074,92
3075,92
3076,92
3077,92
3078,92
3079,92
3080,92
3081,92
3082,92
3083,92
3084,92
3085,92
3086,92
3087,92
3088,92
3089,92
3090,92
3091,92
3092,92
3093,92
3094,11
3095,11
3096,11
3097,11
3098,11
3099,11
3100,11
3101,11
3102,11
3103,11
3104,11
3105,11
3106,11
3107,11
3108,11
3109,11
3110,11
3111,11
3112,11
3113,11
3114,11
3115,11
3116,11
3117,11
3118,11
3119,11
3120,11
3121,11
3122,11
3123,11
3124,11
3125,11
3126,11
3127,11
3128,11
3129,11
3130,11
3131,11
3132,11
3133,11
3134,11
3135,11
3136,11
3137,11
3138,11
3139,11
3140,11
3141,11
3142,11
3143,11
3144,11
3145,11
3146,11
3147,11
3148,11
3149,11
3150,11
3151,11
3152,11
3153,11
3154,11
3155,11
3156,11
3157,11
3158,11
3159,11
3160,11
3161,11
3162,11
3163,11
3164,11
3165,11
3166,11
3167,11
3168,11
3169,11
3170,11
3171,11
3172,11
3173,11
3174,11
3175,11
3176,11
3177,11
3178,11
3179,11
3180,11
3181,65
3182,65
3183,65
3184,65
3185,65
3186,65
3187,65
3188,65
3189,65
3190,65
3191,65
3192,65
3193,65
3194,65
3195,65
3196,65
3197,65
3198,65
3199,65
3200,65
3201,65
3202,65
3203,65
3204,65
3205,65
3206,65
3207,65
3208,65
3209,65
3210,65
3211,65
3212,65
3213,65
3214,65
3215,65
3216,65
3217,65
3218,65
3219,65
3220,65
3221,65
3222,65
3223,65
3224,65
3225,65
3226,65
3227,65
3228,65
3229,65
3230,65
3231,65
3232,65
3233,65
3234,65
3235,65
3236,65
3237,65
3238,65
3239,65
3240,65
3241,65
3242,65
3243,65
3244,65
3245,65
3246,65
3247,65
3248,65
3249,65
3250,65
3251,65
3252,65
3253,65
3254,65
3255,65
3256,65
3257,65
3258,65
3259,65
3260,65
3261,65
3262,65
3263,65
3264,65
3265,65
3266,65
3267,65
3268,65
3269,65
3270,65
3271,65
3272,65
3273,65
3274,65
3275,65
3276,65
3277,65
3278,65
3279,65
3280,65
3281,65
3282,65
3283,8
3284,8
3285,8
3286,8
3287,8
3288,8
3289,8
3290,8
3291,8
3292,8
3293,8
3294,8
3295,8
3296,8
3297,8
3298,8
3299,8
3300,8
3301,8
3302,8
3303,8
3304,8
3305,8
3306,8
3307,8
3308,8
3309,8
3310,8
3311,8
3312,8
3313,8
3314,8
3315,8
3316,8
3317,8
3318,8
3319,8
3320,8
3321,8
3322,8
3323,8
3324,8
3325,8
3326,8
3327,8
3328,8
3329,8
3330,8
3331,8
3332,8
3333,8
3334,8
3335,8
3336,8
3337,8
3338,8
3339,8
3340,8
3341,8
3342,8
3343,8
3344,8
3345,8
3346,8
3347,8
3348,8
3349,8
3350,8
3351,8
3352,8
3353,8
3354,8
3355,8
3356,8
3357,8
3358,8
3359,8
3360,8
3361,8
3362,8
3363,8
3364,8
3365,8
3366,8
3367,8
3368,23
3369,23
3370,23
3371,23
3372,23
3373,23
3374,23
3375,23
3376,23
3377,23
3378,23
3379,23
3380,23
3381,23
3382,23
3383,23
3384,23
3385,23
3386,23
3387,23
3388,23
3389,23
3390,23
3391,23
3392,23
3393,23
3394,23
3395,23
3396,23
3397,23
3398,23
3399,23
3400,23
3401,23
3402,23
3403,23
3404,23
3405,23
3406,23
3407,23
3408,23
3409,23
3410,23
3411,23
3412,23
3413,23
3414,23
3415,23
3416,23
3417,23
3418,23
3419,23
3420,23
3421,23
3422,23
3423,23
3424,23
3425,23
3426,23
3427,23
3428,23
3429,23
3430,23
3431,23
3432,23
3433,23
3434,23
3435,23
3436,23
3437,23
3438,23
3439,23
3440,23
3441,23
3442,23
3443,23
3444,23
3445,23
3446,23
3447,23
3448,23
3449,23
3450,23
3451,23
3452,23
3453,23
3454,23
3455,23
3456,23
3457,23
3458,23
3459,30
3460,30
3461,30
3462,30
3463,30
3464,30
3465,30
3466,30
3467,30
3468,30
3469,30
3470,30
3471,30
3472,30
3473,30
3474,30
3475,30
3476,30
3477,30
3478,30
3479,30
3480,30
3481,30
3482,30
3483,30
3484,30
3485,30
3486,30
3487,30
3488,30
3489,30
3490,30
3491,30
3492,30
3493,30
3494,30
3495,30
3496,30
3497,30
3498,30
3499,30
3500,30
3501,30
3502,30
3503,30
3504,30
3505,30
3506,30
3507,30
3508,30
3509,30
3510,30
3511,30
3512,30
3513,30
3514,30
3515,30
3516,30
3517,30
3518,30
3519,30
3520,30
3521,30
3522,30
3523,30
3524,30
3525,30
3526,30
3527,30
3528,30
3529,30
3530,30
3531,30
3532,30
3533,30
3534,30
3535,30
3536,30
3537,30
3538,30
3539,30
3540,30
3541,30
3542,30
3543,30
3544,72
3545,72
3546,72
3547,72
3548,72
3549,72
3550,72
3551,72
3552,72
3553,72
3554,72
3555,72
3556,72
3557,72
3558,72
3559,72
3560,72
3561,72
3562,72
3563,72
3564,72
3565,72
3566,72
3567,72
3568,72
3569,72
3570,72
3571,72
3572,72
3573,72
3574,72
3575,72
3576,72
3577,72
3578,72
3579,72
3580,72
3581,72
3582,72
3583,72
3584,72
3585,72
3586,72
3587,72
3588,72
3589,72
3590,72
3591,72
3592,72
3593,72
3594,72
3595,72
3596,72
3597,72
3598,72
3599,72
3600,72
3601,72
3602,72
3603,72
3604,72
3605,72
3606,72
3607,72
3608,72
3609,72
3610,72
3611,72
3612,72
3613,72
3614,72
3615,72
3616,72
3617,72
3618,72
3619,72
3620,72
3621,72
3622,72
3623,72
3624,72
3625,72
3626,72
3627,72
3628,72
3629,72
3630,72
3631,72
3632,72
3633,72
3634,72
3635,72
3636,72
3637,72
3638,72
3639,72
3640,53
3641,53
3642,53
3643,53
3644,53
3645,53
3646,53
3647,53
3648,53
3649,53
3650,53
3651,53
3652,53
3653,53
3654,53
3655,53
3656,53
3657,53
3658,53
3659,53
3660,53
3661,53
3662,53
3663,53
3664,53
3665,53
3666,53
3667,53
3668,53
3669,53
3670,53
3671,53
3672,53
3673,53
3674,53
3675,53
3676,53
3677,53
3678,53
3679,53
3680,53
3681,53
3682,53
3683,53
3684,53
3685,53
3686,53
3687,53
3688,53
3689,53
3690,53
3691,53
3692,53
3693,53
3694,53
3695,53
3696,53
3697,53
3698,53
3699,53
3700,53
3701,53
3702,53
3703,53
3704,53
3705,53
3706,53
3707,53
3708,53
3709,53
3710,53
3711,53
3712,53
3713,53
3714,53
3715,53
3716,53
3717,53
3718,53
3719,53
3720,53
3721,53
3722,53
3723,53
3724,53
3725,53
3726,53
3727,53
3728,53
3729,53
3730,53
3731,53
3732,53
3733,37
3734,37
3735,37
3736,37
3737,37
3738,37
3739,37
3740,37
3741,37
3742,37
3743,37
3744,37
3745,37
3746,37
3747,37
3748,37
3749,37
3750,37
3751,37
3752,37
3753,37
3754,37
3755,37
3756,37
3757,37
3758,37
3759,37
3760,37
3761,37
3762,37
3763,37
3764,37
3765,37
3766,37
3767,37
3768,37
3769,37
3770,37
3771,37
3772,37
3773,37
3774,37
3775,37
3776,37
3777,37
3778,37
3779,37
3780,37
3781,37
3782,37
3783,37
3784,37
3785,37
3786,37
3787,37
3788,37
3789,37
3790,37
3791,37
3792,37
3793,37
3794,37
3795,37
3796,37
3797,37
3798,37
3799,37
3800,37
3801,37
3802,37
3803,37
3804,37
3805,37
3806,37
3807,37
3808,37
3809,37
3810,37
3811,37
3812,37
3813,37
3814,37
3815,37
3816,37
3817,37
3818,37
3819,37
3820,37
3821,37
3822,37
3823,37
3824,37
3825,37
3826,37
3827,17
3828,17
3829,17
3830,17
3831,17
3832,17
3833,17
3834,17
3835,17
3836,17
3837,17
3838,17
3839,17
3840,17
3841,17
3842,17
3843,17
3844,17
3845,17
3846,17
3847,17
3848,17
3849,17
3850,17
3851,17
3852,17
3853,17
3854,17
3855,17
3856,17
3857,17
3858,17
3859,17
3860,17
3861,17
3862,17
3863,17
3864,17
3865,17
3866,17
3867,17
3868,17
3869,17
3870,17
3871,17
3872,17
3873,17
3874,17
3875,17
3876,17
3877,17
3878,17
3879,17
3880,17
3881,17
3882,17
3883,17
3884,17
3885,17
3886,17
3887,17
3888,17
3889,17
3890,17
3891,17
3892,17
3893,17
3894,17
3895,17
3896,17
3897,17
3898,17
3899,17
3900,17
3901,17
3902,17
3903,17
3904,17
3905,17
3906,17
3907,17
3908,17
3909,17
3910,17
3911,17
3912,51
3913,51
3914,51
3915,51
3916,51
3917,51
3918,51
3919,51
3920,51
3921,51
3922,51
3923,51
3924,51
3925,51
3926,51
3927,51
3928,51
3929,51
3930,51
3931,51
3932,51
3933,51
3934,51
3935,51
3936,51
3937,51
3938,51
3939,51
3940,51
3941,51
3942,51
3943,51
3944,51
3945,51
3946,51
3947,51
3948,51
3949,51
3950,51
3951,51
3952,51
3953,51
3954,51
3955,51
3956,51
3957,51
3958,51
3959,51
3960,51
3961,51
3962,51
3963,51
3964,51
3965,51
3966,51
3967,51
3968,51
3969,51
3970,51
3971,51
3972,51
3973,51
3974,51
3975,51
3976,51
3977,51
3978,51
3979,51
3980,51
3981,51
3982,51
3983,51
3984,51
3985,51
3986,51
3987,51
3988,51
3989,51
3990,51
3991,51
3992,51
3993,12
3994,12
3995,12
3996,12
3997,12
3998,12
3999,12
4000,12
4001,12
4002,12
4003,12
4004,12
4005,12
4006,12
4007,12
4008,12
4009,12
4010,12
4011,12
4012,12
4013,12
4014,12
4015,12
4016,12
4017,12
4018,12
4019,12
4020,12
4021,12
4022,12
4023,12
4024,12
4025,12
4026,12
4027,12
4028,12
4029,12
4030,12
4031,12
4032,12
4033,12
4034,12
4035,12
4036,12
4037,12
4038,12
4039,12
4040,12
4041,12
4042,12
4043,12
4044,12
4045,12
4046,12
4047,12
4048,12
4049,12
4050,12
4051,12
4052,12
4053,12
4054,12
4055,12
4056,12
4057,12
4058,12
4059,12
4060,12
4061,12
4062,12
4063,12
4064,12
4065,12
4066,12
4067,12
4068,12
4069,12
4070,12
4071,12
4072,12
4073,12
4074,12
4075,12
4076,12
4077,12
4078,12
4079,12
4080,29
4081,29
4082,29
4083,29
4084,29
4085,29
4086,29
4087,29
4088,29
4089,29
4090,29
4091,29
4092,29
4093,29
4094,29
4095,29
4096,29
4097,29
4098,29
4099,29
4100,29
4101,29
4102,29
4103,29
4104,29
4105,29
4106,29
4107,29
4108,29
4109,29
4110,29
4111,29
4112,29
4113,29
4114,29
4115,29
4116,29
4117,29
4118,29
4119,29
4120,29
4121,29
4122,29
4123,29
4124,29
4125,29
4126,29
4127,29
4128,29
4129,29
4130,29
4131,29
4132,29
4133,29
4134,29
4135,29
4136,29
4137,29
4138,29
4139,29
4140,29
4141,29
4142,29
4143,29
4144,29
4145,29
4146,29
4147,29
4148,29
4149,29
4150,29
4151,29
4152,29
4153,29
4154,29
4155,29
4156,29
4157,29
4158,52
4159,52
4160,52
4161,52
4162,52
4163,52
4164,52
4165,52
4166,52
4167,52
4168,52
4169,52
4170,52
4171,52
4172,52
4173,52
4174,52
4175,52
4176,52
4177,52
4178,52
4179,52
4180,52
4181,52
4182,52
4183,52
4184,52
4185,52
4186,52
4187,52
4188,52
4189,52
4190,52
4191,52
4192,52
4193,52
4194,52
4195,52
4196,52
4197,52
4198,52
4199,52
4200,52
4201,52
4202,52
4203,52
4204,52
4205,52
4206,52
4207,52
4208,52
4209,52
4210,52
4211,52
4212,52
4213,52
4214,52
4215,52
4216,52
4217,52
4218,52
4219,52
4220,52
4221,52
4222,52
4223,52
4224,52
4225,52
4226,52
4227,52
4228,52
4229,52
4230,52
4231,52
4232,52
4233,52
4234,52
4235,52
4236,52
4237,52
4238,52
4239,52
4240,52
4241,52
4242,52
4243,18
4244,18
4245,18
4246,18
4247,18
4248,18
4249,18
4250,18
4251,18
4252,18
4253,18
4254,18
4255,18
4256,18
4257,18
4258,18
4259,18
4260,18
4261,18
4262,18
4263,18
4264,18
4265,18
4266,18
4267,18
4268,18
4269,18
4270,18
4271,18
4272,18
4273,18
4274,18
4275,18
4276,18
4277,18
4278,18
4279,18
4280,18
4281,18
4282,18
4283,18
4284,18
4285,18
4286,18
4287,18
4288,18
4289,18
4290,18
4291,18
4292,18
4293,18
4294,18
4295,18
4296,18
4297,18
4298,18
4299,18
4300,18
4301,18
4302,18
4303,18
4304,18
4305,18
4306,18
4307,18
4308,18
4309,18
4310,18
4311,18
4312,18
4313,18
4314,18
4315,18
4316,18
4317,18
4318,18
4319,18
4320,18
4321,18
4322,18
4323,18
4324,18
4325,36
4326,36
4327,36
4328,36
4329,36
4330,36
4331,36
4332,36
4333,36
4334,36
4335,36
4336,36
4337,36
4338,36
4339,36
4340,36
4341,36
4342,36
4343,36
4344,36
4345,36
4346,36
4347,36
4348,36
4349,36
4350,36
4351,36
4352,36
4353,36
4354,36
4355,36
4356,36
4357,36
4358,36
4359,36
4360,36
4361,36
4362,36
4363,36
4364,36
4365,36
4366,36
4367,36
4368,36
4369,36
4370,36
4371,36
4372,36
4373,36
4374,36
4375,36
4376,36
4377,36
4378,36
4379,36
4380,36
4381,36
4382,36
4383,36
4384,36
4385,36
4386,36
4387,36
4388,36
4389,36
4390,36
4391,36
4392,36
4393,36
4394,36
4395,36
4396,36
4397,36
4398,36
4399,36
4400,90
4401,90
4402,90
4403,90
4404,90
4405,90
4406,90
4407,90
4408,90
4409,90
4410,90
4411,90
4412,90
4413,90
4414,90
4415,90
4416,90
4417,90
4418,90
4419,90
4420,90
4421,90
4422,90
4423,90
4424,90
4425,90
4426,90
4427,90
4428,90
4429,90
4430,90
4431,90
4432,90
4433,90
4434,90
4435,90
4436,90
4437,90
4438,90
4439,90
4440,90
4441,90
4442,90
4443,90
4444,90
4445,90
4446,90
4447,90
4448,90
4449,90
4450,90
4451,90
4452,90
4453,90
4454,90
4455,90
4456,90
4457,90
4458,90
4459,90
4460,90
4461,90
4462,90
4463,90
4464,90
4465,90
4466,90
4467,90
4468,90
4469,90
4470,90
4471,90
4472,90
4473,90
4474,90
4475,90
4476,90
4477,90
4478,90
4479,90
4480,71
4481,71
4482,71
4483,71
4484,71
4485,71
4486,71
4487,71
4488,71
4489,71
4490,71
4491,71
4492,71
4493,71
4494,71
4495,71
4496,71
4497,71
4498,71
4499,71
4500,71
4501,71
4502,71
4503,71
4504,71
4505,71
4506,71
4507,71
4508,71
4509,71
4510,71
4511,71
4512,71
4513,71
4514,71
4515,71
4516,71
4517,71
4518,71
4519,71
4520,71
4521,71
4522,71
4523,71
4524,71
4525,71
4526,71
4527,71
4528,71
4529,71
4530,71
4531,71
4532,71
4533,71
4534,71
4535,71
4536,71
4537,71
4538,71
4539,71
4540,71
4541,71
4542,71
4543,71
4544,71
4545,71
4546,71
4547,71
4548,71
4549,71
4550,71
4551,71
4552,71
4553,71
4554,71
4555,71
4556,71
4557,40
4558,40
4559,40
4560,40
4561,40
4562,40
4563,40
4564,40
4565,40
4566,40
4567,40
4568,40
4569,40
4570,40
4571,40
4572,40
4573,40
4574,40
4575,40
4576,40
4577,40
4578,40
4579,40
4580,40
4581,40
4582,40
4583,40
4584,40
4585,40
4586,40
4587,40
4588,40
4589,40
4590,40
4591,40
4592,40
4593,40
4594,40
4595,40
4596,40
4597,40
4598,40
4599,40
4600,40
4601,40
4602,40
4603,40
4604,40
4605,40
4606,40
4607,40
4608,40
4609,40
4610,40
4611,40
4612,40
4613,40
4614,40
4615,40
4616,40
4617,40
4618,40
4619,40
4620,40
4621,40
4622,40
4623,40
4624,48
4625,48
4626,48
4627,48
4628,48
4629,48
4630,48
4631,48
4632,48
4633,48
4634,48
4635,48
4636,48
4637,48
4638,48
4639,48
4640,48
4641,48
4642,48
4643,48
4644,48
4645,48
4646,48
4647,48
4648,48
4649,48
4650,48
4651,48
4652,48
4653,48
4654,48
4655,48
4656,48
4657,48
4658,48
4659,48
4660,48
4661,48
4662,48
4663,48
4664,48
4665,48
4666,48
4667,48
4668,48
4669,48
4670,48
4671,48
4672,48
4673,48
4674,48
4675,48
4676,48
4677,48
4678,48
4679,48
4680,48
4681,48
4682,48
4683,48
4684,48
4685,48
4686,48
4687,48
4688,48
4689,48
4690,48
4691,48
4692,48
4693,48
4694,48
4695,55
4696,55
4697,55
4698,55
4699,55
4700,55
4701,55
4702,55
4703,55
4704,55
4705,55
4706,55
4707,55
4708,55
4709,55
4710,55
4711,55
4712,55
4713,55
4714,55
4715,55
4716,55
4717,55
4718,55
4719,55
4720,55
4721,55
4722,55
4723,55
4724,55
4725,55
4726,55
4727,55
4728,55
4729,55
4730,55
4731,55
4732,55
4733,55
4734,55
4735,55
4736,55
4737,55
4738,55
4739,55
4740,55
4741,55
4742,55
4743,55
4744,55
4745,55
4746,55
4747,55
4748,55
4749,55
4750,55
4751,55
4752,55
4753,55
4754,55
4755,55
4756,55
4757,55
4758,55
4759,55
4760,55
4761,55
4762,55
4763,55
4764,55
4765,55
4766,85
4767,85
4768,85
4769,85
4770,85
4771,85
4772,85
4773,85
4774,85
4775,85
4776,85
4777,85
4778,85
4779,85
4780,85
4781,85
4782,85
4783,85
4784,85
4785,85
4786,85
4787,85
4788,85
4789,85
4790,85
4791,85
4792,85
4793,85
4794,85
4795,85
4796,85
4797,85
4798,85
4799,85
4800,85
4801,85
4802,85
4803,85
4804,85
4805,85
4806,85
4807,85
4808,85
4809,85
4810,85
4811,85
4812,85
4813,85
4814,85
4815,85
4816,85
4817,85
4818,85
4819,85
4820,85
4821,85
4822,85
4823,85
4824,85
4825,85
4826,85
4827,85
4828,91
4829,91
4830,91
4831,91
4832,91
4833,91
4834,91
4835,91
4836,91
4837,91
4838,91
4839,91
4840,91
4841,91
4842,91
4843,91
4844,91
4845,91
4846,91
4847,91
4848,91
4849,91
4850,91
4851,91
4852,91
4853,91
4854,91
4855,91
4856,91
4857,91
4858,91
4859,91
4860,91
4861,91
4862,91
4863,91
4864,91
4865,91
4866,91
4867,91
4868,91
4869,91
4870,91
4871,91
4872,91
4873,91
4874,91
4875,91
4876,91
4877,91
4878,91
4879,91
4880,91
4881,91
4882,91
4883,91
4884,91
4885,91
4886,91
4887,91
4888,91
4889,91
4890,91
4891,91
4892,91
4893,91
4894,91
4895,91
4896,20
4897,20
4898,20
4899,20
4900,20
4901,20
4902,20
4903,20
4904,20
4905,20
4906,20
4907,20
4908,20
4909,20
4910,20
4911,20
4912,20
4913,20
4914,20
4915,20
4916,20
4917,20
4918,20
4919,20
4920,20
4921,20
4922,20
4923,20
4924,20
4925,20
4926,20
4927,20
4928,20
4929,20
4930,20
4931,20
4932,20
4933,20
4934,20
4935,20
4936,20
4937,20
4938,20
4939,20
4940,20
4941,20
4942,20
4943,20
4944,20
4945,20
4946,20
4947,20
4948,20
4949,20
4950,20
4951,20
4952,47
4953,47
4954,47
4955,47
4956,47
4957,47
4958,47
4959,47
4960,47
4961,47
4962,47
4963,47
4964,47
4965,47
4966,47
4967,47
4968,47
4969,47
4970,47
4971,47
4972,47
4973,47
4974,47
4975,47
4976,47
4977,47
4978,47
4979,47
4980,47
4981,47
4982,47
4983,47
4984,47
4985,47
4986,47
4987,47
4988,47
4989,47
4990,47
4991,47
4992,47
4993,47
4994,47
4995,47
4996,47
4997,47
4998,47
4999,47
5000,47
5001,47
5002,47
5003,47
5004,47
5005,47
5006,47
5007,47
5008,47
5009,47
5010,47
5011,47
5012,47
5013,47
5014,47
5015,47
5016,47
5017,47
5018,47
5019,59
5020,59
5021,59
5022,59
5023,59
5024,59
5025,59
5026,59
5027,59
5028,59
5029,59
5030,59
5031,59
5032,59
5033,59
5034,59
5035,59
5036,59
5037,59
5038,59
5039,59
5040,59
5041,59
5042,59
5043,59
5044,59
5045,59
5046,59
5047,59
5048,59
5049,59
5050,59
5051,59
5052,59
5053,59
5054,59
5055,59
5056,59
5057,59
5058,59
5059,59
5060,59
5061,59
5062,59
5063,59
5064,59
5065,59
5066,59
5067,59
5068,59
5069,59
5070,59
5071,59
5072,59
5073,59
5074,59
5075,59
5076,59
5077,59
5078,59
5079,59
5080,59
5081,59
5082,59
5083,59
5084,59
5085,59
5086,2
5087,2
5088,2
5089,2
5090,2
5091,2
5092,2
5093,2
5094,2
5095,2
5096,2
5097,2
5098,2
5099,2
5100,2
5101,2
5102,2
5103,2
5104,2
5105,2
5106,2
5107,2
5108,2
5109,2
5110,2
5111,2
5112,2
5113,2
5114,2
5115,2
5116,2
5117,2
5118,2
5119,2
5120,2
5121,2
5122,2
5123,2
5124,2
5125,2
5126,2
5127,2
5128,2
5129,2
5130,2
5131,2
5132,2
5133,2
5134,2
5135,2
5136,2
5137,2
5138,2
5139,2
5140,2
5141,2
5142,2
5143,2
5144,2
5145,2
5146,5
5147,5
5148,5
5149,5
5150,5
5151,5
5152,5
5153,5
5154,5
5155,5
5156,5
5157,5
5158,5
5159,5
5160,5
5161,5
5162,5
5163,5
5164,5
5165,5
5166,5
5167,5
5168,5
5169,5
5170,5
5171,5
5172,5
5173,5
5174,5
5175,5
5176,5
5177,5
5178,5
5179,5
5180,5
5181,5
5182,5
5183,5
5184,5
5185,5
5186,5
5187,5
5188,5
5189,5
5190,5
5191,5
5192,5
5193,5
5194,5
5195,5
5196,5
5197,5
5198,5
5199,5
5200,5
5201,5
5202,5
5203,5
5204,5
5205,5
5206,5
5207,5
5208,5
5209,5
5210,5
5211,28
5212,28
5213,28
5214,28
5215,28
5216,28
5217,28
5218,28
5219,28
5220,28
5221,28
5222,28
5223,28
5224,28
5225,28
5226,28
5227,28
5228,28
5229,28
5230,28
5231,28
5232,28
5233,28
5234,28
5235,28
5236,28
5237,28
5238,28
5239,28
5240,28
5241,28
5242,28
5243,28
5244,28
5245,28
5246,28
5247,28
5248,28
5249,28
5250,28
5251,28
5252,28
5253,28
5254,28
5255,28
5256,28
5257,28
5258,28
5259,28
5260,28
5261,28
5262,28
5263,28
5264,28
5265,28
5266,28
5267,28
5268,28
5269,28
5270,28
5271,28
5272,28
5273,28
5274,28
5275,28
5276,28
5277,70
5278,70
5279,70
5280,70
5281,70
5282,70
5283,70
5284,70
5285,70
5286,70
5287,70
5288,70
5289,70
5290,70
5291,70
5292,70
5293,70
5294,70
5295,70
5296,70
5297,70
5298,70
5299,70
5300,70
5301,70
5302,70
5303,70
5304,70
5305,70
5306,70
5307,70
5308,70
5309,70
5310,70
5311,70
5312,70
5313,70
5314,70
5315,70
5316,70
5317,70
5318,70
5319,70
5320,70
5321,70
5322,70
5323,70
5324,70
5325,70
5326,70
5327,70
5328,70
5329,70
5330,70
5331,70
5332,70
5333,70
5334,70
5335,70
5336,70
5337,70
5338,70
5339,22
5340,22
5341,22
5342,22
5343,22
5344,22
5345,22
5346,22
5347,22
5348,22
5349,22
5350,22
5351,22
5352,22
5353,22
5354,22
5355,22
5356,22
5357,22
5358,22
5359,22
5360,22
5361,22
5362,22
5363,22
5364,22
5365,22
5366,22
5367,22
5368,22
5369,22
5370,22
5371,22
5372,22
5373,22
5374,22
5375,22
5376,22
5377,22
5378,22
5379,22
5380,22
5381,22
5382,22
5383,22
5384,22
5385,22
5386,22
5387,22
5388,22
5389,22
5390,22
5391,22
5392,22
5393,22
5394,22
5395,22
5396,22
5397,22
5398,54
5399,54
5400,54
5401,54
5402,54
5403,54
5404,54
5405,54
5406,54
5407,54
5408,54
5409,54
5410,54
5411,54
5412,54
5413,54
5414,54
5415,54
5416,54
5417,54
5418,54
5419,54
5420,54
5421,54
5422,54
5423,54
5424,54
5425,54
5426,54
5427,54
5428,54
5429,54
5430,54
5431,54
5432,54
5433,54
5434,54
5435,54
5436,54
5437,54
5438,54
5439,54
5440,54
5441,54
5442,54
5443,54
5444,54
5445,54
5446,54
5447,54
5448,54
5449,54
5450,54
5451,54
5452,54
5453,54
5454,54
5455,54
5456,54
5457,54
5458,54
5459,87
5460,87
5461,87
5462,87
5463,87
5464,87
5465,87
5466,87
5467,87
5468,87
5469,87
5470,87
5471,87
5472,87
5473,87
5474,87
5475,87
5476,87
5477,87
5478,87
5479,87
5480,87
5481,87
5482,87
5483,87
5484,87
5485,87
5486,87
5487,87
5488,87
5489,87
5490,87
5491,87
5492,87
5493,87
5494,87
5495,87
5496,87
5497,87
5498,87
5499,87
5500,87
5501,87
5502,87
5503,87
5504,87
5505,87
5506,87
5507,87
5508,87
5509,87
5510,87
5511,87
5512,87
5513,87
5514,87
5515,87
5516,87
5517,87
5518,87
5519,87
5520,87
5521,87
5522,66
5523,66
5524,66
5525,66
5526,66
5527,66
5528,66
5529,66
5530,66
5531,66
5532,66
5533,66
5534,66
5535,66
5536,66
5537,66
5538,66
5539,66
5540,66
5541,66
5542,66
5543,66
5544,66
5545,66
5546,66
5547,66
5548,66
5549,66
5550,66
5551,66
5552,66
5553,66
5554,66
5555,66
5556,66
5557,66
5558,66
5559,66
5560,66
5561,66
5562,66
5563,66
5564,66
5565,66
5566,66
5567,66
5568,66
5569,66
5570,66
5571,66
5572,66
5573,66
5574,66
5575,66
5576,66
5577,66
5578,66
5579,66
5580,66
5581,66
5582,66
5583,32
5584,32
5585,32
5586,32
5587,32
5588,32
5589,32
5590,32
5591,32
5592,32
5593,32
5594,32
5595,32
5596,32
5597,32
5598,32
5599,32
5600,32
5601,32
5602,32
5603,32
5604,32
5605,32
5606,32
5607,32
5608,32
5609,32
5610,32
5611,32
5612,32
5613,32
5614,32
5615,32
5616,32
5617,32
5618,32
5619,32
5620,32
5621,32
5622,32
5623,32
5624,32
5625,32
5626,32
5627,32
5628,4
5629,4
5630,4
5631,4
5632,4
5633,4
5634,4
5635,4
5636,4
5637,4
5638,4
5639,4
5640,4
5641,4
5642,4
5643,4
5644,4
5645,4
5646,4
5647,4
5648,4
5649,4
5650,4
5651,4
5652,4
5653,4
5654,4
5655,4
5656,4
5657,4
5658,4
5659,4
5660,4
5661,4
5662,4
5663,4
5664,4
5665,4
5666,4
5667,4
5668,4
5669,4
5670,4
5671,4
5672,4
5673,4
5674,4
5675,4
5676,4
5677,4
5678,4
5679,4
5680,4
5681,4
5682,4
5683,4
5684,42
5685,42
5686,42
5687,42
5688,42
5689,42
5690,42
5691,42
5692,42
5693,42
5694,42
5695,42
5696,42
5697,42
5698,42
5699,42
5700,42
5701,42
5702,42
5703,42
5704,42
5705,42
5706,42
5707,42
5708,42
5709,42
5710,42
5711,42
5712,42
5713,42
5714,42
5715,42
5716,42
5717,42
5718,42
5719,42
5720,42
5721,42
5722,42
5723,42
5724,42
5725,42
5726,42
5727,42
5728,42
5729,42
5730,42
5731,42
5732,42
5733,42
5734,42
5735,42
5736,42
5737,42
5738,42
5739,42
5740,42
5741,42
5742,42
5743,13
5744,13
5745,13
5746,13
5747,13
5748,13
5749,13
5750,13
5751,13
5752,13
5753,13
5754,13
5755,13
5756,13
5757,13
5758,13
5759,13
5760,13
5761,13
5762,13
5763,13
5764,13
5765,13
5766,13
5767,13
5768,13
5769,13
5770,13
5771,13
5772,13
5773,13
5774,13
5775,13
5776,13
5777,13
5778,13
5779,13
5780,13
5781,13
5782,13
5783,13
5784,13
5785,13
5786,13
5787,13
5788,13
5789,13
5790,13
5791,13
5792,38
5793,38
5794,38
5795,38
5796,38
5797,38
5798,38
5799,38
5800,38
5801,38
5802,38
5803,38
5804,38
5805,38
5806,38
5807,38
5808,38
5809,38
5810,38
5811,38
5812,38
5813,38
5814,38
5815,38
5816,38
5817,38
5818,38
5819,38
5820,38
5821,38
5822,38
5823,38
5824,38
5825,38
5826,38
5827,38
5828,38
5829,38
5830,38
5831,38
5832,38
5833,38
5834,38
5835,38
5836,38
5837,38
5838,38
5839,38
5840,38
5841,38
5842,38
5843,38
5844,38
5845,38
5846,38
5847,38
5848,63
5849,63
5850,63
5851,63
5852,63
5853,63
5854,63
5855,63
5856,63
5857,63
5858,63
5859,63
5860,63
5861,63
5862,63
5863,63
5864,63
5865,63
5866,63
5867,63
5868,63
5869,63
5870,63
5871,63
5872,63
5873,63
5874,63
5875,63
5876,63
5877,63
5878,63
5879,63
5880,63
5881,63
5882,63
5883,63
5884,63
5885,63
5886,63
5887,63
5888,63
5889,63
5890,63
5891,63
5892,63
5893,63
5894,63
5895,63
5896,63
5897,63
5898,63
5899,63
5900,63
5901,63
5902,68
5903,68
5904,68
5905,68
5906,68
5907,68
5908,68
5909,68
5910,68
5911,68
5912,68
5913,68
5914,68
5915,68
5916,68
5917,68
5918,68
5919,68
5920,68
5921,68
5922,68
5923,68
5924,68
5925,68
5926,68
5927,68
5928,68
5929,68
5930,68
5931,68
5932,68
5933,68
5934,68
5935,68
5936,68
5937,68
5938,68
5939,68
5940,68
5941,68
5942,68
5943,68
5944,68
5945,68
5946,68
5947,68
5948,68
5949,68
5950,68
5951,68
5952,68
5953,68
5954,68
5955,68
5956,69
5957,69
5958,69
5959,69
5960,69
5961,69
5962,69
5963,69
5964,69
5965,69
5966,69
5967,69
5968,69
5969,69
5970,69
5971,69
5972,69
5973,69
5974,69
5975,69
5976,69
5977,69
5978,69
5979,69
5980,69
5981,69
5982,69
5983,69
5984,69
5985,69
5986,69
5987,69
5988,69
5989,69
5990,69
5991,69
5992,69
5993,69
5994,69
5995,69
5996,69
5997,69
5998,69
5999,69
6000,69
6001,69
6002,69
6003,69
6004,69
6005,69
6006,69
6007,69
6008,69
6009,69
6010,93
6011,93
6012,93
6013,93
6014,93
6015,93
6016,93
6017,93
6018,93
6019,93
6020,93
6021,93
6022,93
6023,93
6024,93
6025,93
6026,93
6027,93
6028,93
6029,93
6030,93
6031,93
6032,93
6033,93
6034,93
6035,93
6036,93
6037,93
6038,93
6039,93
6040,93
6041,93
6042,93
6043,93
6044,93
6045,93
6046,93
6047,93
6048,14
6049,14
6050,14
6051,14
6052,14
6053,14
6054,14
6055,14
6056,14
6057,14
6058,14
6059,14
6060,14
6061,14
6062,14
6063,14
6064,14
6065,14
6066,14
6067,14
6068,14
6069,14
6070,14
6071,14
6072,14
6073,14
6074,14
6075,14
6076,14
6077,14
6078,14
6079,14
6080,14
6081,14
6082,14
6083,14
6084,14
6085,14
6086,14
6087,14
6088,14
6089,14
6090,14
6091,14
6092,14
6093,14
6094,14
6095,14
6096,64
6097,64
6098,64
6099,64
6100,64
6101,64
6102,64
6103,64
6104,64
6105,64
6106,64
6107,64
6108,64
6109,64
6110,64
6111,64
6112,64
6113,64
6114,64
6115,64
6116,64
6117,64
6118,64
6119,64
6120,64
6121,64
6122,64
6123,64
6124,64
6125,64
6126,64
6127,64
6128,64
6129,64
6130,64
6131,64
6132,64
6133,64
6134,64
6135,64
6136,64
6137,64
6138,64
6139,64
6140,64
6141,64
6142,64
6143,64
6144,64
6145,64
6146,64
6147,64
6148,19
6149,19
6150,19
6151,19
6152,19
6153,19
6154,19
6155,19
6156,19
6157,19
6158,19
6159,19
6160,19
6161,19
6162,19
6163,19
6164,19
6165,19
6166,19
6167,19
6168,19
6169,19
6170,19
6171,19
6172,19
6173,19
6174,19
6175,19
6176,19
6177,19
6178,19
6179,19
6180,19
6181,19
6182,19
6183,19
6184,19
6185,19
6186,19
6187,19
6188,19
6189,19
6190,19
6191,19
6192,19
6193,19
6194,19
6195,19
6196,19
6197,49
6198,49
6199,49
6200,49
6201,49
6202,49
6203,49
6204,49
6205,49
6206,49
6207,49
6208,49
6209,49
6210,49
6211,49
6212,49
6213,49
6214,49
6215,49
6216,49
6217,49
6218,49
6219,49
6220,49
6221,49
6222,49
6223,49
6224,49
6225,49
6226,49
6227,49
6228,49
6229,49
6230,49
6231,49
6232,49
6233,49
6234,49
6235,49
6236,49
6237,49
6238,49
6239,49
6240,49
6241,49
6242,49
6243,49
6244,49
6245,49
6246,61
6247,61
6248,61
6249,61
6250,61
6251,61
6252,61
6253,61
6254,61
6255,61
6256,61
6257,61
6258,61
6259,61
6260,61
6261,61
6262,61
6263,61
6264,61
6265,61
6266,61
6267,61
6268,61
6269,61
6270,61
6271,61
6272,61
6273,61
6274,61
6275,61
6276,61
6277,61
6278,61
6279,61
6280,61
6281,61
6282,61
6283,61
6284,61
6285,61
6286,61
6287,61
6288,61
6289,61
6290,61
6291,61
6292,61
6293,61
6294,61
6295,61
6296,50
6297,50
6298,50
6299,50
6300,50
6301,50
6302,50
6303,50
6304,50
6305,50
6306,50
6307,50
6308,50
6309,50
6310,50
6311,50
6312,50
6313,50
6314,50
6315,50
6316,50
6317,50
6318,50
6319,50
6320,50
6321,50
6322,50
6323,50
6324,50
6325,50
6326,50
6327,50
6328,50
6329,50
6330,50
6331,50
6332,50
6333,50
6334,50
6335,50
6336,50
6337,50
6338,50
6339,50
6340,50
6341,50
6342,50
6343,50
6344,50
6345,15
6346,15
6347,15
6348,15
6349,15
6350,15
6351,15
6352,15
6353,15
6354,15
6355,15
6356,15
6357,15
6358,15
6359,15
6360,15
6361,15
6362,15
6363,15
6364,15
6365,15
6366,15
6367,15
6368,15
6369,15
6370,15
6371,15
6372,15
6373,15
6374,15
6375,15
6376,15
6377,15
6378,15
6379,15
6380,15
6381,15
6382,15
6383,15
6384,15
6385,15
6386,15
6387,15
6388,15
6389,15
6390,15
6391,15
6392,15
6393,15
6394,9
6395,9
6396,9
6397,9
6398,9
6399,9
6400,9
6401,9
6402,9
6403,9
6404,9
6405,9
6406,9
6407,9
6408,9
6409,9
6410,9
6411,9
6412,9
6413,9
6414,9
6415,9
6416,9
6417,9
6418,9
6419,9
6420,9
6421,9
6422,9
6423,9
6424,9
6425,9
6426,9
6427,9
6428,9
6429,9
6430,9
6431,9
6432,9
6433,9
6434,9
6435,9
6436,9
6437,9
6438,9
6439,9
6440,33
6441,33
6442,33
6443,33
6444,33
6445,33
6446,33
6447,33
6448,33
6449,33
6450,33
6451,33
6452,33
6453,33
6454,33
6455,33
6456,33
6457,33
6458,33
6459,33
6460,33
6461,33
6462,33
6463,33
6464,33
6465,33
6466,33
6467,33
6468,33
6469,33
6470,33
6471,33
6472,33
6473,33
6474,33
6475,33
6476,33
6477,33
6478,33
6479,33
6480,33
6481,33
6482,33
6483,33
6484,33
6485,33
6486,26
6487,26
6488,26
6489,26
6490,26
6491,26
6492,26
6493,26
6494,26
6495,26
6496,26
6497,26
6498,26
6499,26
6500,26
6501,26
6502,26
6503,26
6504,26
6505,26
6506,26
6507,26
6508,26
6509,26
6510,26
6511,26
6512,26
6513,26
6514,26
6515,26
6516,26
6517,26
6518,26
6519,26
6520,26
6521,26
6522,26
6523,26
6524,26
6525,26
6526,26
6527,50
6528,50
6529,50
6530,50
6531,50
6532,50
6533,50
6534,50
6535,50
6536,50
6537,50
6538,50
6539,50
6540,50
6541,50
6542,50
6543,50
6544,50
6545,50
6546,50
6547,50
6548,50
6549,50
6550,50
6551,50
6552,50
6553,50
6554,50
6555,50
6556,50
6557,50
6558,50
6559,50
6560,50
6561,50
6562,50
6563,50
6564,50
6565,50
6566,50
6567,50
6568,50
6569,50
6570,25
6571,25
6572,25
6573,25
6574,25
6575,25
6576,25
6577,25
6578,25
6579,25
6580,25
6581,25
6582,25
6583,25
6584,25
6585,25
6586,25
6587,25
6588,25
6589,25
6590,25
6591,25
6592,25
6593,25
6594,25
6595,25
6596,25
6597,25
6598,25
6599,25
6600,25
6601,25
6602,25
6603,25
6604,25
6605,25
6606,25
6607,25
6608,25
6609,25
6610,25
6611,3
6612,3
6613,3
6614,3
6615,3
6616,3
6617,3
6618,3
6619,3
6620,3
6621,3
6622,3
6623,3
6624,3
6625,3
6626,3
6627,3
6628,3
6629,3
6630,3
6631,3
6632,3
6633,3
6634,3
6635,3
6636,3
6637,3
6638,3
6639,3
6640,3
6641,3
6642,3
6643,3
6644,3
6645,3
6646,3
6647,3
6648,3
6649,3
6650,3
6651,16
6652,16
6653,16
6654,16
6655,16
6656,16
6657,16
6658,16
6659,16
6660,16
6661,16
6662,16
6663,16
6664,16
6665,16
6666,16
6667,16
6668,16
6669,16
6670,16
6671,16
6672,16
6673,16
6674,16
6675,16
6676,16
6677,16
6678,16
6679,16
6680,16
6681,16
6682,16
6683,16
6684,16
6685,16
6686,16
6687,16
6688,16
6689,16
6690,16
6691,16
6692,79
6693,79
6694,79
6695,79
6696,79
6697,79
6698,79
6699,79
6700,79
6701,79
6702,79
6703,79
6704,79
6705,79
6706,79
6707,79
6708,79
6709,79
6710,79
6711,79
6712,79
6713,79
6714,79
6715,79
6716,79
6717,79
6718,79
6719,79
6720,79
6721,79
6722,79
6723,79
6724,79
6725,79
6726,79
6727,79
6728,79
6729,79
6730,79
6731,79
6732,79
6733,1
6734,1
6735,1
6736,1
6737,1
6738,1
6739,1
6740,1
6741,1
6742,1
6743,1
6744,1
6745,1
6746,1
6747,1
6748,1
6749,1
6750,1
6751,1
6752,1
6753,1
6754,1
6755,1
6756,1
6757,1
6758,1
6759,1
6760,1
6761,1
6762,1
6763,1
6764,1
6765,1
6766,1
6767,1
6768,1
6769,1
6770,1
6771,1
6772,1
6773,21
6774,21
6775,21
6776,21
6777,21
6778,21
6779,21
6780,21
6781,21
6782,21
6783,21
6784,21
6785,21
6786,21
6787,21
6788,21
6789,21
6790,21
6791,21
6792,21
6793,21
6794,21
6795,21
6796,21
6797,21
6798,21
6799,21
6800,21
6801,21
6802,21
6803,21
6804,21
6805,21
6806,21
6807,21
6808,21
6809,21
6810,21
6811,21
6812,21
6813,24
6814,24
6815,24
6816,24
6817,24
6818,24
6819,24
6820,24
6821,24
6822,24
6823,24
6824,24
6825,24
6826,24
6827,24
6828,24
6829,24
6830,24
6831,24
6832,24
6833,24
6834,24
6835,24
6836,24
6837,24
6838,24
6839,24
6840,24
6841,24
6842,24
6843,24
6844,24
6845,24
6846,24
6847,24
6848,24
6849,27
6850,27
6851,27
6852,27
6853,27
6854,27
6855,27
6856,27
6857,27
6858,27
6859,27
6860,27
6861,27
6862,27
6863,27
6864,27
6865,27
6866,27
6867,27
6868,27
6869,27
6870,27
6871,27
6872,27
6873,27
6874,27
6875,27
6876,27
6877,27
6878,27
6879,27
6880,27
6881,27
6882,27
6883,27
6884,27
6885,27
6886,27
6887,27
6888,27
6889,31
6890,31
6891,31
6892,31
6893,31
6894,31
6895,31
6896,31
6897,31
6898,31
6899,31
6900,31
6901,31
6902,31
6903,31
6904,31
6905,31
6906,31
6907,31
6908,31
6909,31
6910,31
6911,31
6912,31
6913,31
6914,31
6915,31
6916,31
6917,31
6918,31
6919,31
6920,31
6921,31
6922,31
6923,31
6924,31
6925,31
6926,31
6927,31
6928,34
6929,34
6930,34
6931,34
6932,34
6933,34
6934,34
6935,34
6936,34
6937,34
6938,34
6939,34
6940,34
6941,34
6942,34
6943,34
6944,34
6945,34
6946,34
6947,34
6948,34
6949,34
6950,34
6951,34
6952,34
6953,34
6954,34
6955,34
6956,34
6957,34
6958,34
6959,34
6960,34
6961,34
6962,34
6963,34
6964,34
6965,34
6966,34
6967,34
6968,35
6969,35
6970,35
6971,35
6972,35
6973,35
6974,35
6975,35
6976,35
6977,35
6978,35
6979,35
6980,35
6981,35
6982,35
6983,35
6984,35
6985,35
6986,35
6987,35
6988,35
6989,35
6990,35
6991,35
6992,35
6993,35
6994,35
6995,35
6996,35
6997,35
6998,35
6999,35
7000,35
7001,35
7002,35
7003,35
7004,35
7005,35
7006,39
7007,39
7008,39
7009,39
7010,39
7011,39
7012,39
7013,39
7014,39
7015,39
7016,39
7017,39
7018,39
7019,39
7020,39
7021,39
7022,39
7023,39
7024,39
7025,39
7026,39
7027,39
7028,39
7029,39
7030,39
7031,39
7032,39
7033,39
7034,39
7035,39
7036,39
7037,39
7038,39
7039,39
7040,39
7041,39
7042,39
7043,39
7044,39
7045,67
7046,67
7047,67
7048,67
7049,67
7050,67
7051,67
7052,67
7053,67
7054,67
7055,67
7056,67
7057,67
7058,67
7059,67
7060,67
7061,67
7062,67
7063,67
7064,67
7065,67
7066,67
7067,67
7068,67
7069,67
7070,67
7071,67
7072,67
7073,67
7074,67
7075,67
7076,67
7077,67
7078,67
7079,67
7080,67
7081,67
7082,67
7083,67
7084,67
7085,10
7086,10
7087,10
7088,10
7089,10
7090,10
7091,10
7092,10
7093,10
7094,10
7095,10
7096,10
7097,10
7098,10
7099,10
7100,10
7101,10
7102,10
7103,10
7104,10
7105,10
7106,10
7107,10
7108,10
7109,10
7110,10
7111,10
7112,10
7113,10
7114,10
7115,10
7116,10
7117,10
7118,10
7119,10
7120,10
7121,10
7122,45
7123,45
7124,45
7125,45
7126,45
7127,45
7128,45
7129,45
7130,45
7131,45
7132,45
7133,45
7134,45
7135,45
7136,45
7137,45
7138,45
7139,45
7140,45
7141,45
7142,45
7143,45
7144,45
7145,45
7146,45
7147,45
7148,45
7149,45
7150,45
7151,45
7152,45
7153,45
7154,45
7155,45
7156,45
7157,45
7158,45
7159,45
7160,45
7161,6
7162,6
7163,6
7164,6
7165,6
7166,6
7167,6
7168,6
7169,6
7170,6
7171,6
7172,6
7173,6
7174,6
7175,6
7176,6
7177,6
7178,6
7179,6
7180,6
7181,6
7182,6
7183,6
7184,6
7185,6
7186,6
7187,6
7188,6
7189,6
7190,6
7191,6
7192,6
7193,6
7194,6
7195,6
7196,6
7197,6
7198,6
7199,7
7200,7
7201,7
7202,7
7203,7
7204,7
7205,7
7206,7
7207,7
7208,7
7209,7
7210,7
7211,7
7212,7
7213,7
7214,7
7215,7
7216,7
7217,7
7218,7
7219,7
7220,7
7221,7
7222,7
7223,7
7224,7
7225,7
7226,7
7227,7
7228,7
7229,7
7230,7
7231,7
7232,7
7233,57
7234,57
7235,57
7236,57
7237,57
7238,57
7239,57
7240,57
7241,57
7242,57
7243,57
7244,57
7245,57
7246,57
7247,57
7248,57
7249,57
7250,57
7251,57
7252,57
7253,57
7254,57
7255,57
7256,57
7257,57
7258,57
7259,57
7260,57
7261,57
7262,57
7263,57
7264,57
7265,57
7266,57
7267,62
7268,62
7269,62
7270,62
7271,62
7272,62
7273,62
7274,62
7275,62
7276,62
7277,62
7278,62
7279,62
7280,62
7281,62
7282,62
7283,89
7284,37
7285,37
7286,37
7287,37
7288,37
7289,37
7290,37
7291,37
7292,37
7293,37
7294,37
7295,37
7296,37
7297,37
7298,90
7299,90
7300,85
7301,93
7302,93
7303,94
7304,94
7305,94
7306,94
7307,94
7308,94
7309,94
7310,94
7311,94
7312,94
7313,94
7314,94
7315,94
7316,94
7317,94
7318,94
7319,94
7320,94
7321,94
7322,94
7323,94
7324,94
7325,94
7326,94
7327,94
7328,94
7329,94
7330,94
7331,94
7332,94
7333,94
7334,94
7335,94
7336,94
7337,94
7338,94
7339,94
7340,94
7341,94
7342,94
7343,94
7344,94
7345,94
7346,94
7347,94
7348,94
7349,94
7350,94
7351,94
7352,94
7353,94
7354,94
7355,94
7356,94
7357,94
7358,94
7359,94
7360,94
7361,94
7362,94
7363,94
7364,94
7365,94
7366,94
7367,94
7368,94
7369,94
7370,94
7371,94
7372,94
7373,94
7374,94
7375,94
7376,94
7377,94
7378,94
7379,94
7380,94
7381,94
7382,94
7383,94
7384,94
7385,94
7386,94
7387,94
7388,94
7389,94
7390,94
7391,94
7392,94
7393,94
7394,94
7395,94
7396,94
7397,94
7398,94
7399,94
7400,94
7401,94
7402,94
7403,94
7404,94
7405,94
7406,94
7407,94
7408,94
7409,94
7410,94
7411,94
7412,94
7413,94
7414,94
7415,94
7416,94
7417,94
7418,94
7419,94
7420,94
7421,94
7422,94
7423,94
7424,94
7425,94
7426,94
7427,94
7428,94
7429,94
7430,94
7431,94
7432,94
7433,94
7434,94
7435,94
7436,94
7437,94
7438,94
7439,94
7440,94
7441,94
7442,94
7443,94
7444,94
7445,94
7446,94
7447,94
7448,94
7449,94
7450,94
7451,94
7452,94
7453,94
7454,94
7455,94
7456,94
7457,94
7458,94
7459,94
7460,94
7461,94
7462,94
7463,94
7464,94
7465,95
7466,95
7467,95
7468,95
7469,95
7470,95
7471,95
7472,95
7473,95
7474,95
7475,95
7476,95
7477,95
7478,95
7479,95
7480,95
7481,95
7482,95
7483,95
7484,95
7485,95
7486,95
7487,95
7488,95
7489,95
7490,95
7491,95
7492,95
7493,95
7494,95
7495,95
7496,95
7497,95
7498,95
7499,95
7500,95
7501,95
7502,95
7503,95
7504,95
7505,95
7506,95
7507,95
7508,95
7509,95
7510,95
7511,95
7512,95
7513,95
7514,95
7515,95
7516,95
7517,95
7518,95
7519,95
7520,95
7521,95
7522,95
7523,95
7524,95
7525,95
7526,95
7527,95
7528,95
7529,95
7530,95
7531,95
7532,95
7533,95
7534,95
7535,95
7536,95
7537,95
7538,95
7539,95
7540,95
7541,95
7542,95
7543,95
7544,95
7545,95
7546,95
7547,95
7548,95
7549,95
7550,95
7551,95
7552,95
7553,95
7554,95
7555,95
7556,95
7557,95
7558,95
7559,95
7560,95
7561,95
7562,95
7563,95
7564,95
7565,95
7566,95
7567,95
7568,95
7569,95
7570,95
7571,95
7572,95
7573,95
7574,95
7575,95
7576,95
7577,95
7578,95
7579,95
7580,95
7581,95
7582,95
7583,95
7584,95
7585,95
7586,95
7587,95
7588,95
7589,95
7590,95
7591,95
7592,95
7593,96
7594,96
7595,96
7596,96
7597,96
7598,96
7599,96
7600,96
7601,96
7602,96
7603,96
7604,96
7605,96
7606,96
7607,96
7608,96
7609,96
7610,96
7611,96
7612,96
7613,96
7614,96
7615,96
7616,96
7617,96
7618,96
7619,96
7620,96
7621,96
7622,96
7623,96
7624,96
7625,96
7626,96
7627,96
7628,96
7629,96
7630,96
7631,96
7632,96
7633,96
7634,96
7635,96
7636,96
7637,96
7638,96
7639,96
7640,96
7641,96
7642,96
7643,96
7644,96
7645,96
7646,96
7647,96
7648,96
7649,96
7650,96
7651,96
7652,96
7653,96
7654,96
7655,96
7656,96
7657,96
7658,96
7659,96
7660,96
7661,96
7662,96
7663,96
7664,96
7665,96
7666,96
7667,96
7668,96
7669,96
7670,96
7671,96
7672,96
7673,96
7674,96
7675,96
7676,96
7677,96
7678,96
7679,96
7680,96
7681,96
7682,96
7683,96
7684,97
7685,97
7686,97
7687,97
7688,97
7689,97
7690,97
7691,97
7692,97
7693,97
7694,97
7695,97
7696,97
7697,97
7698,97
7699,97
7700,97
7701,97
7702,97
7703,97
7704,97
7705,97
7706,97
7707,97
7708,97
7709,97
7710,97
7711,97
7712,97
7713,97
7714,97
7715,97
7716,97
7717,97
7718,97
7719,97
7720,97
7721,97
7722,97
7723,97
7724,97
7725,97
7726,97
7727,97
7728,97
7729,97
7730,97
7731,97
7732,97
7733,97
7734,97
7735,97
7736,97
7737,97
7738,97
7739,97
7740,97
7741,97
7742,97
7743,97
7744,97
7745,97
7746,97
7747,97
7748,97
7749,97
7750,98
7751,98
7752,98
7753,98
7754,98
7755,98
7756,98
7757,98
7758,98
7759,98
7760,98
7761,98
7762,98
7763,98
7764,98
7765,98
7766,98
7767,98
7768,98
7769,98
7770,98
7771,98
7772,98
7773,98
7774,98
7775,98
7776,98
7777,98
7778,98
7779,98
7780,98
7781,98
7782,98
7783,98
7784,98
7785,98
7786,98
7787,98
7788,98
7789,98
7790,98
7791,98
7792,98
7793,98
7794,98
7795,98
7796,98
7797,98
7798,98
7799,98
7800,98
7801,98
7802,98
7803,98
7804,98
7805,98
7806,98
7807,98
7808,98
7809,98
7810,98
7811,98
7812,98
7813,98
7814,98
7815,98
7816,98
7817,98
7818,98
7819,98
7820,98
7821,98
7822,98
7823,98
7824,98
7825,98
7826,98
7827,98
7828,98
7829,98
7830,98
7831,98
7832,99
7833,99
7834,99
7835,99
7836,99
7837,99
7838,99
7839,99
7840,99
7841,99
7842,99
7843,99
7844,99
7845,99
7846,99
7847,99
7848,99
7849,99
7850,99
7851,99
7852,99
7853,99
7854,99
7855,99
7856,99
7857,99
7858,99
7859,99
7860,99
7861,99
7862,99
7863,99
7864,99
7865,99
7866,99
7867,99
7868,99
7869,99
7870,99
7871,99
7872,99
7873,99
7874,99
7875,99
7876,99
7877,99
7878,99
7879,99
7880,99
7881,99
7882,99
7883,99
7884,99
7885,99
7886,99
7887,99
7888,99
7889,99
7890,99
7891,99
7892,100
7893,100
7894,100
7895,100
7896,100
7897,100
7898,100
7899,100
7900,100
7901,100
7902,100
7903,100
7904,100
7905,100
7906,100
7907,100
7908,100
7909,100
7910,100
7911,100
7912,100
7913,100
7914,100
7915,100
7916,100
7917,100
7918,100
7919,100
7920,100
7921,100
7922,100
7923,100
7924,100
7925,100
7926,100
7927,100
7928,100
7929,100
7930,100
7931,100
7932,100
7933,100
7934,100
7935,100
7936,100
7937,100
7938,100
7939,100
7940,100
7941,101
7942,101
7943,101
7944,101
7945,101
7946,101
7947,101
7948,101
7949,101
7950,101
7951,101
7952,101
7953,101
7954,101
7955,101
7956,101
7957,101
7958,101
7959,101
7960,101
7961,101
7962,101
7963,101
7964,101
7965,101
7966,101
7967,101
7968,101
7969,101
7970,101
7971,101
7972,101
7973,101
7974,101
7975,101
7976,101
7977,101
7978,101
7979,101
7980,101
7981,101
7982,101
7983,101
7984,101
7985,101
7986,101
7987,101
7988,101
7989,101
7990,101
7991,101
7992,101
7993,101
7994,101
7995,101
7996,101
7997,101
7998,101
7999,102
8000,102
8001,102
8002,102
8003,102
8004,102
8005,102
8006,102
8007,102
8008,102
8009,102
8010,102
8011,102
8012,102
8013,102
8014,102
8015,102
8016,102
8017,102
8018,102
8019,102
8020,102
8021,102
8022,102
8023,102
8024,102
8025,102
8026,102
8027,102
8028,102
8029,102
8030,102
8031,102
8032,102
8033,102
8034,102
8035,102
8036,102
8037,102
8038,102
8039,102
8040,102
8041,102
8042,102
8043,102
8044,102
8045,102
8046,102
8047,24
8048,24
8049,24
8050,24
8051,24
8052,24
8053,91
8054,91
8055,91
8056,91
8057,91
8058,91
8059,91
8060,91
8061,99
8062,99
8063,99
8064,31
8065,31
8066,31
8067,31
8068,31
8069,31
8070,31
8071,31
8072,31
8073,31
8074,31
8075,31
8076,31
8077,67
8078,67
8079,39
8080,39
8081,88
8082,88
8083,35
8084,35
8085,35
8086,35
8087,35
8088,71
8089,10
8090,10
8091,10
8092,10
8093,10
8094,10
8095,10
8096,10
8097,45
8098,7
8099,7
8100,7
8101,7
8102,7
8103,7
8104,6
8105,6
8106,6
8107,6
8108,6
8109,6
8110,6
8111,93
8112,93
8113,93
8114,93
8115,93
8116,93
8117,57
8118,57
8119,57
8120,57
8121,57
8122,57
8123,57
8124,57
8125,57
8126,57
8127,57
8128,57
8129,57
8130,57
8131,57
8132,57
8133,57
8134,57
8135,57
8136,57
8137,57
8138,57
8139,57
8140,57
8141,57
8142,57
8143,57
8144,57
8145,57
8146,57
8147,57
8148,57
8149,57
8150,62
8151,62
8152,62
8153,62
8154,62
8155,62
8156,62
8157,62
8158,62
8159,62
8160,62
8161,62
8162,62
8163,62
8164,62
8165,62
8166,62
8167,62
8168,62
8169,62
8170,62
8171,62
8172,62
8173,62
8174,62
8175,62
8176,62
8177,62
8178,62
8179,62
8180,62
8181,62
8182,62
8183,62
8184,62
8185,62
8186,62
8187,62
8188,62
